{
  "actorSpecification": 1,
  "name": "meta-ads-library-scraper",
  "title": "Meta Ads Library Scraper",
  "description": "High-efficiency scraper for Facebook/Meta Ad Library. Extracts ads by keyword, location, and advertiser with full creative details.",
  "version": "1.0.0",
  "buildTag": "latest",
  "meta": {
    "templateId": "ts-playwright-chrome"
  },
  "input": "./INPUT_SCHEMA.json",
  "dockerfile": "./Dockerfile",
  "storages": {
    "dataset": {
      "actorSpecification": 1,
      "title": "Meta Ads Dataset",
      "views": {
        "ads": {
          "title": "Extracted Ads",
          "transformation": {
            "fields": [
              "ad_id",
              "page_name",
              "page_id",
              "ad_text",
              "ad_creative_link_caption",
              "ad_creative_link_title",
              "ad_creative_link_description",
              "ad_creative_bodies",
              "ad_delivery_start_time",
              "ad_delivery_stop_time",
              "currency",
              "spend_lower",
              "spend_upper",
              "impressions_lower",
              "impressions_upper",
              "platforms",
              "publisher_platforms",
              "media_type",
              "media_urls",
              "page_profile_picture_url",
              "page_profile_uri",
              "search_query",
              "search_location",
              "scraped_at"
            ]
          },
          "display": {
            "component": "table",
            "properties": {
              "page_name": { "label": "Advertiser", "format": "text" },
              "ad_text": { "label": "Ad Text", "format": "text" },
              "spend_lower": { "label": "Min Spend", "format": "number" },
              "spend_upper": { "label": "Max Spend", "format": "number" },
              "platforms": { "label": "Platforms", "format": "array" }
            }
          }
        }
      }
    }
  }
}
